-- phpMyAdmin SQL Dump
-- version 5.2.1
-- https://www.phpmyadmin.net/
--
-- Hôte : 127.0.0.1
-- Généré le : dim. 23 nov. 2025 à 08:49
-- Version du serveur : 10.4.32-MariaDB
-- Version de PHP : 8.2.12

SET SQL_MODE = "NO_AUTO_VALUE_ON_ZERO";
START TRANSACTION;
SET time_zone = "+00:00";


/*!40101 SET @OLD_CHARACTER_SET_CLIENT=@@CHARACTER_SET_CLIENT */;
/*!40101 SET @OLD_CHARACTER_SET_RESULTS=@@CHARACTER_SET_RESULTS */;
/*!40101 SET @OLD_COLLATION_CONNECTION=@@COLLATION_CONNECTION */;
/*!40101 SET NAMES utf8mb4 */;

--
-- Base de données : `sisco_db`
--

-- --------------------------------------------------------

--
-- Structure de la table `administrateurs`
--

CREATE TABLE `administrateurs` (
  `id` int(11) NOT NULL,
  `username` varchar(100) NOT NULL,
  `password` varchar(255) NOT NULL,
  `nom` varchar(255) DEFAULT NULL,
  `prenom` varchar(255) DEFAULT NULL,
  `role` enum('super_admin','admin') DEFAULT 'admin',
  `created_at` timestamp NOT NULL DEFAULT current_timestamp()
) ENGINE=InnoDB DEFAULT CHARSET=utf8mb4 COLLATE=utf8mb4_general_ci;

--
-- Déchargement des données de la table `administrateurs`
--

INSERT INTO `administrateurs` (`id`, `username`, `password`, `nom`, `prenom`, `role`, `created_at`) VALUES
(1, 'admin', 'admin123', 'Admin', 'SISCO', 'super_admin', '2025-11-22 10:32:49');

-- --------------------------------------------------------

--
-- Structure de la table `etablissements`
--

CREATE TABLE `etablissements` (
  `id` int(11) NOT NULL,
  `code` varchar(20) NOT NULL,
  `nom` varchar(255) NOT NULL,
  `secteur` enum('Public','Privé') NOT NULL,
  `niveau` enum('Primaire','Collège','Lycée','Technique') NOT NULL,
  `commune` varchar(100) DEFAULT NULL,
  `zap` varchar(50) DEFAULT NULL,
  `fokontany` varchar(100) DEFAULT NULL,
  `village` varchar(100) DEFAULT NULL,
  `remarques` text DEFAULT NULL,
  `login` varchar(100) DEFAULT NULL,
  `password` varchar(255) DEFAULT 'sisco2024',
  `created_at` timestamp NOT NULL DEFAULT current_timestamp()
) ENGINE=InnoDB DEFAULT CHARSET=utf8mb4 COLLATE=utf8mb4_general_ci;

--
-- Déchargement des données de la table `etablissements`
--

INSERT INTO `etablissements` (`id`, `code`, `nom`, `secteur`, `niveau`, `commune`, `zap`, `fokontany`, `village`, `remarques`, `login`, `password`, `created_at`) VALUES
(1, '401011087', 'ECOLE PRIVEE SAROBIDY', 'Privé', 'Primaire', 'CU MAHAJANGA', 'MAHABIBO I', 'AMBALAVOLA', NULL, 'ROUVERT', 'etab_401011087', 'sisco2024', '2025-11-22 12:09:41'),
(2, '401030301', 'COLLEGE PRIVE MAHAVELONA AMBOROVY', 'Privé', 'Collège', 'CU MAHAJANGA', 'MAHABIBO II', 'AMBOROVY', 'AMBOROVY', 'ROUVERT', 'etab_401030301', 'sisco2024', '2025-11-22 12:09:41'),
(3, '401011181', 'ECOLE PRIVEE FINOHANA', 'Privé', 'Primaire', 'CU MAHAJANGA', 'MAHABIBO II', 'AMBOROVY', 'ANKARAOBATO', 'ROUVERT', 'etab_401011181', 'sisco2024', '2025-11-22 12:09:41'),
(4, '401011049', 'ECOLE PRIVEE LUTHERIENNE', 'Privé', 'Primaire', 'CU MAHAJANGA', 'MAHABIBO II', 'AMBOROVY', NULL, 'ROUVERT', 'etab_401011049', 'sisco2024', '2025-11-22 12:09:41'),
(5, '401020204', 'ECOLE PRIVEE SAINT ESPRIT', 'Privé', 'Primaire', 'CU MAHAJANGA', 'MAHABIBO I', 'ANTANIMALANDY', 'ANTANIMALANDY AVARATRA', 'Nouveau 24/25', 'etab_401020204', 'sisco2024', '2025-11-22 12:09:41'),
(6, '401020304', 'COLLEGE PRIVE LA GRACE', 'Privé', 'Collège', 'CU MAHAJANGA', 'MAHABIBO I', 'ANTANIMASAJA', 'ANTANIMASAJA', 'Nouveau 24/25', 'etab_401020304', 'sisco2024', '2025-11-22 12:09:41'),
(7, '401020401', 'ECOLE PRIVEE MY DESTINY', 'Privé', 'Primaire', 'CU MAHAJANGA', 'MAHABIBO I', 'MAHATSINJO', 'MAHATSINJO', 'Nouveau 24/25', 'etab_401020401', 'sisco2024', '2025-11-22 12:09:41'),
(8, '401020502', 'ECOLE PRIVEE TRUSTY SCHOOL', 'Privé', 'Primaire', 'CU MAHAJANGA', 'MAHABIBO I', 'TANAMBAO SOTEMA', 'TANAMBAO SOTEMA', 'Nouveau 24/25', 'etab_401020502', 'sisco2024', '2025-11-22 12:09:42'),
(9, '401030202', 'ECOLE PRIVEE ARC EN CIEL III', 'Privé', 'Primaire', 'CU MAHAJANGA', 'MAHABIBO II', 'AMBONDRONA', 'ANDOVINJO', 'Nouveau 24/25', 'etab_401030202', 'sisco2024', '2025-11-22 12:09:42'),
(10, '401030305', 'ECOLE PRIVEE MIRANTSOA', 'Privé', 'Primaire', 'CU MAHAJANGA', 'MAHABIBO II', 'AMBOROVY', 'MAROALA AMBOROVY', 'Nouveau 24/25', 'etab_401030305', 'sisco2024', '2025-11-22 12:09:42'),
(11, '401010402', 'COLLEGE PRIVE LE VAILLANT', 'Privé', 'Collège', 'CU MAHAJANGA', 'MAHAJANGA', 'MAHAJANGA VILLE', NULL, 'Nouveau 24/post25', 'etab_401010402', 'sisco2024', '2025-11-22 12:09:42'),
(12, '401011302', 'ECOLE PRIVEE WISDOM', 'Privé', 'Primaire', 'CU MAHAJANGA', 'MAHAJANGA', 'TSARAMANDROSO AMBONY', NULL, 'Nouveau 24/25', 'etab_401011302', 'sisco2024', '2025-11-22 12:09:42'),
(13, '401010006', 'EPP AMBOHIMANDAMINA', 'Public', 'Primaire', 'CU MAHAJANGA', 'MAHABIBO I', 'AMBOHIMANDAMINA', NULL, 'FONCTIONNEL 24/25', 'etab_401010006', 'sisco2024', '2025-11-22 12:09:42'),
(14, '401010008', 'EPP ANTANIMALANDY', 'Public', 'Primaire', 'CU MAHAJANGA', 'MAHABIBO I', 'ANTANIMALANDY', NULL, 'FONCTIONNEL 24/25', 'etab_401010008', 'sisco2024', '2025-11-22 12:09:42'),
(15, '401010019', 'EPP VICTOIRE RASOAMANARIVO', 'Public', 'Primaire', 'CU MAHAJANGA', 'MAHABIBO I', 'ANTANIMASAJA', NULL, 'FONCTIONNEL 24/25', 'etab_401010019', 'sisco2024', '2025-11-22 12:09:42'),
(16, '401010017', 'EPP TANAMBAO SOTEMA', 'Public', 'Primaire', 'CU MAHAJANGA', 'MAHABIBO I', 'TANAMBAO SOTEMA', NULL, 'FONCTIONNEL 24/25', 'etab_401010017', 'sisco2024', '2025-11-22 12:09:42'),
(17, '401010007', 'EPP AMBOROVY', 'Public', 'Primaire', 'CU MAHAJANGA', 'MAHABIBO II', 'AMBOROVY', NULL, 'FONCTIONNEL 24/25', 'etab_401010007', 'sisco2024', '2025-11-22 12:09:42'),
(18, '401010010', 'EPP BELINTA', 'Public', 'Primaire', 'CU MAHAJANGA', 'MAHABIBO II', 'AMBOROVY', NULL, 'FONCTIONNEL 24/25', 'etab_401010010', 'sisco2024', '2025-11-22 12:09:42'),
(19, '401010036', 'EPP MANARAPENITRA AMBOROVY', 'Public', 'Primaire', 'CU MAHAJANGA', 'MAHABIBO II', 'AMBOROVY', NULL, 'FONCTIONNEL 24/25', 'etab_401010036', 'sisco2024', '2025-11-22 12:09:42'),
(20, '401010015', 'EPP FIOFIO', 'Public', 'Primaire', 'CU MAHAJANGA', 'MAHABIBO II', 'FIOFIO', NULL, 'FONCTIONNEL 24/25', 'etab_401010015', 'sisco2024', '2025-11-22 12:09:42'),
(21, '401010018', 'EPP TSARARANO', 'Public', 'Primaire', 'CU MAHAJANGA', 'MAHABIBO II', 'TSARARANO AMBONY', NULL, 'FONCTIONNEL 24/25', 'etab_401010018', 'sisco2024', '2025-11-22 12:09:42'),
(22, '401010025', 'EPP ECOLE D\'APPLICATION MAHABIBO', 'Public', 'Primaire', 'CU MAHAJANGA', 'MAHAJANGA', 'AMBOVOALANANA', NULL, 'FONCTIONNEL 24/25', 'etab_401010025', 'sisco2024', '2025-11-22 12:09:42'),
(23, '401010027', 'EPP BARDAY', 'Public', 'Primaire', 'CU MAHAJANGA', 'MAHAJANGA', 'MAHAJANGA VILLE', NULL, 'FONCTIONNEL 24/25', 'etab_401010027', 'sisco2024', '2025-11-22 12:09:42'),
(24, '401010011', 'EPP CHARLES RENEL', 'Public', 'Primaire', 'CU MAHAJANGA', 'MAHAJANGA', 'MAHAJANGA VILLE', NULL, 'FONCTIONNEL 24/25', 'etab_401010011', 'sisco2024', '2025-11-22 12:09:42'),
(25, '401010012', 'EPP CITE TSARAMANDROSO', 'Public', 'Primaire', 'CU MAHAJANGA', 'MAHAJANGA', 'MAHAVOKY ATSIMO', NULL, 'FONCTIONNEL 24/25', 'etab_401010012', 'sisco2024', '2025-11-22 12:09:42'),
(26, '401010014', 'EPP FIHAROVANA', 'Public', 'Primaire', 'CU MAHAJANGA', 'MAHAJANGA', 'AMPISIKINA', NULL, 'FONCTIONNEL 24/25', 'etab_401010014', 'sisco2024', '2025-11-22 12:09:42'),
(27, '401010013', 'EPP FANANTENANA', 'Public', 'Primaire', 'CU MAHAJANGA', 'MAHAJANGA', 'MAROVATO ABATTOIR', NULL, 'FONCTIONNEL 24/25', 'etab_401010013', 'sisco2024', '2025-11-22 12:09:42'),
(28, '401010028', 'EPP FIRAISANA FRANCOIS POIRIER', 'Public', 'Primaire', 'CU MAHAJANGA', 'MAHAJANGA', 'MAROVATO ABATTOIR', NULL, 'FONCTIONNEL 24/25', 'etab_401010028', 'sisco2024', '2025-11-22 12:09:42'),
(29, '401010003', 'CEG ANTANIMALANDY', 'Public', 'Collège', 'CU MAHAJANGA', 'MAHABIBO I', 'ANTANIMALANDY', NULL, 'FONCTIONNEL 24/25', 'etab_401010003', 'sisco2024', '2025-11-22 12:09:42'),
(30, '401010001', 'CEG AMBOROVY', 'Public', 'Collège', 'CU MAHAJANGA', 'MAHABIBO II', 'AMBOROVY TSARARIVOTRA', NULL, 'FONCTIONNEL 24/25', 'etab_401010001', 'sisco2024', '2025-11-22 12:09:42'),
(31, '401010031', 'CEG DE REFERENCE AMBOROVY', 'Public', 'Collège', 'CU MAHAJANGA', 'MAHABIBO II', 'TSARARIVOTRA -EST', NULL, 'FONCTIONNEL 24/25', 'etab_401010031', 'sisco2024', '2025-11-22 12:09:42'),
(32, '401010005', 'CEG TSARARANO', 'Public', 'Collège', 'CU MAHAJANGA', 'MAHABIBO II', 'TSARARANO AMBONY', NULL, 'FONCTIONNEL 24/25', 'etab_401010005', 'sisco2024', '2025-11-22 12:09:42'),
(33, '401010032', 'CEG MAHABIBO', 'Public', 'Collège', 'CU MAHAJANGA', 'MAHAJANGA', 'AMBOVOALANANA', NULL, 'FONCTIONNEL 24/25', 'etab_401010032', 'sisco2024', '2025-11-22 12:09:42'),
(34, '401010004', 'CEG CHARLES RENEL MAHAJANGA', 'Public', 'Collège', 'CU MAHAJANGA', 'MAHAJANGA', 'MAHAJANGA-BE', NULL, 'FONCTIONNEL 24/25', 'etab_401010004', 'sisco2024', '2025-11-22 12:09:42'),
(35, '401010029', 'CEG AMPISIKINA', 'Public', 'Collège', 'CU MAHAJANGA', 'MAHAJANGA', 'MANGARIVOTRA', NULL, 'FONCTIONNEL 24/25', 'etab_401010029', 'sisco2024', '2025-11-22 12:09:42'),
(36, '401030304', 'LYCEE MANARAPENITRA AMBOROVY', 'Public', 'Lycée', 'CU MAHAJANGA', 'MAHABIBO II', 'TSARARIVOTRA', NULL, 'FONCTIONNEL 24/25', 'etab_401030304', 'sisco2024', '2025-11-22 12:09:42'),
(37, '401010020', 'LYCEE PHILIBERT TSIRANANA MAHAJANGA', 'Public', 'Lycée', 'CU MAHAJANGA', 'MAHAJANGA', 'MAHAJANGA VILLE', NULL, 'FONCTIONNEL 24/25', 'etab_401010020', 'sisco2024', '2025-11-22 12:09:42'),
(38, '401010034', 'LYCEE MANGARIVOTRA', 'Public', 'Lycée', 'CU MAHAJANGA', 'MAHAJANGA', 'MANGARIVOTRA', NULL, 'FONCTIONNEL 24/25', 'etab_401010034', 'sisco2024', '2025-11-22 12:09:42'),
(39, '401011023', 'COLLEGE PRIVE AVENIR', 'Privé', 'Collège', 'CU MAHAJANGA', 'MAHABIBO I', 'AMBOHIMANDAMINA', 'AMBOHIMANDAMINA', 'FONCTIONNEL 24/25', 'etab_401011023', 'sisco2024', '2025-11-22 12:09:42'),
(40, '401011048', 'COLLEGE PRIVE LES ELITES', 'Privé', 'Collège', 'CU MAHAJANGA', 'MAHABIBO I', 'AMBOHIMANDAMINA', 'AMBOHIMANDAMINA', 'FONCTIONNEL 24/25', 'etab_401011048', 'sisco2024', '2025-11-22 12:09:42'),
(41, '401011010', 'COLLEGE PRIVE MAHASOA', 'Privé', 'Collège', 'CU MAHAJANGA', 'MAHABIBO I', 'AMBOHIMANDAMINA', '0211J0330 SECTEUR 5', 'FONCTIONNEL 24/25', 'etab_401011010', 'sisco2024', '2025-11-22 12:09:42'),
(42, '401011053', 'COLLEGE PRIVE NY AINA', 'Privé', 'Collège', 'CU MAHAJANGA', 'MAHABIBO I', 'AMBOHIMANDAMINA', 'AMBOHIMANDAMINA SECTEUR V', 'FONCTIONNEL 24/25', 'etab_401011053', 'sisco2024', '2025-11-22 12:09:42'),
(43, '401011081', 'COLLEGE PRIVE RAINISOALAMBO', 'Privé', 'Collège', 'CU MAHAJANGA', 'MAHABIBO I', 'AMBOHIMANDAMINA', 'SECTERU 05', 'FONCTIONNEL 24/25', 'etab_401011081', 'sisco2024', '2025-11-22 12:09:42'),
(44, '401011234', 'ECOLE PRIVEE LA FIERTE', 'Privé', 'Primaire', 'CU MAHAJANGA', 'MAHABIBO I', 'AMBOHIMANDAMINA', 'AMBOHIMANDAMINA SECTEUR III', 'FONCTIONNEL 24/25', 'etab_401011234', 'sisco2024', '2025-11-22 12:09:42'),
(45, '401011042', 'ECOLE PRIVEE LA PEPINIERE', 'Privé', 'Primaire', 'CU MAHAJANGA', 'MAHABIBO I', 'AMBOHIMANDAMINA', 'AMBOHIMANDAMINA SECTEUR N°2', 'FONCTIONNEL 24/25', 'etab_401011042', 'sisco2024', '2025-11-22 12:09:42'),
(46, '401011210', 'ECOLE PRIVEE TANJONA', 'Privé', 'Primaire', 'CU MAHAJANGA', 'MAHABIBO I', 'AMBOHIMANDAMINA', 'AMBOHIMANDAMINA SECTEUR III', 'FONCTIONNEL 24/25', 'etab_401011210', 'sisco2024', '2025-11-22 12:09:42'),
(47, '401011056', 'LYCEE PRIVE SANTATRA', 'Privé', 'Lycée', 'CU MAHAJANGA', 'MAHABIBO I', 'AMBOHIMANDAMINA', 'SECTEUR IV AMBOHIMANDAMINA', 'FONCTIONNEL 24/25', 'etab_401011056', 'sisco2024', '2025-11-22 12:09:42'),
(48, '401011021', 'COLLEGE PRIVE AL AMAL', 'Privé', 'Collège', 'CU MAHAJANGA', 'MAHABIBO I', 'ANTANIMALANDY', 'ANTANIMALANDY AVARATRA', 'FONCTIONNEL 24/25', 'etab_401011021', 'sisco2024', '2025-11-22 12:09:42'),
(49, '401011161', 'COLLEGE PRIVE LA REUSSITE', 'Privé', 'Collège', 'CU MAHAJANGA', 'MAHABIBO I', 'ANTANIMALANDY', 'SOTEMA', 'FONCTIONNEL 24/25', 'etab_401011161', 'sisco2024', '2025-11-22 12:09:42'),
(50, '401011045', 'COLLEGE PRIVE LE PALMIER', 'Privé', 'Collège', 'CU MAHAJANGA', 'MAHABIBO I', 'ANTANIMALANDY', 'ANTANIMALANDY', 'FONCTIONNEL 24/25', 'etab_401011045', 'sisco2024', '2025-11-22 12:09:42'),
(51, '401011242', 'COLLEGE PRIVE LE SUCCES', 'Privé', 'Collège', 'CU MAHAJANGA', 'MAHABIBO I', 'ANTANIMALANDY', 'ANTANIMALANDY', 'FONCTIONNEL 24/25', 'etab_401011242', 'sisco2024', '2025-11-22 12:09:42'),
(52, '401011205', 'COLLEGE PRIVE LES GENS DE LA MAISON', 'Privé', 'Collège', 'CU MAHAJANGA', 'MAHABIBO I', 'ANTANIMALANDY', 'ANTANIMALANDY EN FACE GARAN-TSARETY', 'FONCTIONNEL 24/25', 'etab_401011205', 'sisco2024', '2025-11-22 12:09:42'),
(53, '401011139', 'COLLEGE PRIVE LES SERAPHINS I', 'Privé', 'Collège', 'CU MAHAJANGA', 'MAHABIBO I', 'ANTANIMALANDY', 'ANTANIMALANDY CENTRE I', 'FONCTIONNEL 24/25', 'etab_401011139', 'sisco2024', '2025-11-22 12:09:42'),
(54, '401011185', 'COLLEGE PRIVE PAPOOSE II', 'Privé', 'Collège', 'CU MAHAJANGA', 'MAHABIBO I', 'ANTANIMALANDY', 'ANTANIMALANDY', 'FONCTIONNEL 24/25', 'etab_401011185', 'sisco2024', '2025-11-22 12:09:42'),
(55, '401011016', 'COLLEGE PRIVE RADAMA RASALIMO', 'Privé', 'Collège', 'CU MAHAJANGA', 'MAHABIBO I', 'ANTANIMALANDY', 'AVARATRA I BIS', 'FONCTIONNEL 24/25', 'etab_401011016', 'sisco2024', '2025-11-22 12:09:42'),
(56, '401011160', 'COLLEGE PRIVE SAINTE JEANNE D\'ARC I', 'Privé', 'Collège', 'CU MAHAJANGA', 'MAHABIBO I', 'ANTANIMALANDY', 'AMPARIHINGIDRO', 'FONCTIONNEL 24/25', 'etab_401011160', 'sisco2024', '2025-11-22 12:09:42'),
(57, '401011026', 'ECOLE PRIVEE CHRISTOLIVE', 'Privé', 'Primaire', 'CU MAHAJANGA', 'MAHABIBO I', 'ANTANIMALANDY', 'ANTANIMALANDY', 'FONCTIONNEL 24/25', 'etab_401011026', 'sisco2024', '2025-11-22 12:09:42'),
(58, '401011148', 'ECOLE PRIVEE JOLY\'S SCHOOL', 'Privé', 'Primaire', 'CU MAHAJANGA', 'MAHABIBO I', 'ANTANIMALANDY', 'ANTANIMALANDY', 'FONCTIONNEL 24/25', 'etab_401011148', 'sisco2024', '2025-11-22 12:09:42'),
(59, '401020203', 'ECOLE PRIVEE KIDS ACADEMY', 'Privé', 'Primaire', 'CU MAHAJANGA', 'MAHABIBO I', 'ANTANIMALANDY', 'ANTANIMALANDY', 'FONCTIONNEL 24/25', 'etab_401020203', 'sisco2024', '2025-11-22 12:09:42'),
(60, '401011206', 'ECOLE PRIVEE LA BONNE BASE', 'Privé', 'Primaire', 'CU MAHAJANGA', 'MAHABIBO I', 'ANTANIMALANDY', 'AMPARIHINGIDRO', 'FONCTIONNEL 24/25', 'etab_401011206', 'sisco2024', '2025-11-22 12:09:42'),
(61, '401011062', 'INSTITUTION NUR', 'Privé', 'Collège', 'CU MAHAJANGA', 'MAHABIBO I', 'ANTANIMALANDY', 'ANTANIMALANDY', 'FONCTIONNEL 24/25', 'etab_401011062', 'sisco2024', '2025-11-22 12:09:42'),
(62, '401011007', 'LYCEE PRIVE L\'AMITIE', 'Privé', 'Lycée', 'CU MAHAJANGA', 'MAHABIBO I', 'ANTANIMALANDY', 'ANTANIMALANDY', 'FONCTIONNEL 24/25', 'etab_401011007', 'sisco2024', '2025-11-22 12:09:42'),
(63, '401011069', 'SEKOLY MAMPIATY MAHAJANGA', 'Privé', 'Collège', 'CU MAHAJANGA', 'MAHABIBO I', 'ANTANIMALANDY', 'CENTREIII ANTANIMANDY', 'FONCTIONNEL 24/25', 'etab_401011069', 'sisco2024', '2025-11-22 12:09:42'),
(64, '401011011', 'COLLEGE PRIVE MARIE AUXILIATRICE', 'Privé', 'Collège', 'CU MAHAJANGA', 'MAHABIBO I', 'ANTANIMASAJA', 'ANTANIMASAJA', 'FONCTIONNEL 24/25', 'etab_401011011', 'sisco2024', '2025-11-22 12:09:42'),
(65, '401011012', 'COLLEGE PRIVE MIHARISOA', 'Privé', 'Collège', 'CU MAHAJANGA', 'MAHABIBO I', 'ANTANIMASAJA', 'SECTEUR 5', 'FONCTIONNEL 24/25', 'etab_401011012', 'sisco2024', '2025-11-22 12:09:42'),
(66, '401011044', 'ECOLE PRIVEE LAUREAT SCHOOL', 'Privé', 'Primaire', 'CU MAHAJANGA', 'MAHABIBO I', 'ANTANIMASAJA', 'AMBALAMANGA', 'FONCTIONNEL 24/25', 'etab_401011044', 'sisco2024', '2025-11-22 12:09:42'),
(67, '401011207', 'ECOLE PRIVEE LE SOLEIL', 'Privé', 'Primaire', 'CU MAHAJANGA', 'MAHABIBO I', 'ANTANIMASAJA', 'MAHATSINJO', 'FONCTIONNEL 24/25', 'etab_401011207', 'sisco2024', '2025-11-22 12:09:42'),
(68, '401020302', 'ECOLE PRIVEE MAJHAND', 'Privé', 'Primaire', 'CU MAHAJANGA', 'MAHABIBO I', 'ANTANIMASAJA', 'ANTANIMASAJA', 'FONCTIONNEL 24/25', 'etab_401020302', 'sisco2024', '2025-11-22 12:09:42'),
(69, '401020301', 'ECOLE PRIVEE MINI', 'Privé', 'Primaire', 'CU MAHAJANGA', 'MAHABIBO I', 'ANTANIMASAJA', 'ANTANIMASAJA', 'FONCTIONNEL 24/25', 'etab_401020301', 'sisco2024', '2025-11-22 12:09:42'),
(70, '401011140', 'ECOLE PRIVEE SAINTE THERESE DE L\'ENFANT JESUS', 'Privé', 'Primaire', 'CU MAHAJANGA', 'MAHABIBO I', 'ANTANIMASAJA', 'ANTANIMASAJA MAHAJANGA', 'FONCTIONNEL 24/25', 'etab_401011140', 'sisco2024', '2025-11-22 12:09:42'),
(71, '401020303', 'ECOLE PRIVEE TSIMIALONJAFY', 'Privé', 'Primaire', 'CU MAHAJANGA', 'MAHABIBO I', 'ANTANIMASAJA', 'MAHATSINJO', 'FONCTIONNEL 24/25', 'etab_401020303', 'sisco2024', '2025-11-22 12:09:42'),
(72, '401011038', 'LYCEE PRIVE LA BONNE ETOILE', 'Privé', 'Lycée', 'CU MAHAJANGA', 'MAHABIBO I', 'ANTANIMASAJA', 'ANTANIMASAJA SECTEUR 3', 'FONCTIONNEL 24/25', 'etab_401011038', 'sisco2024', '2025-11-22 12:09:42'),
(73, '401010703', 'ECOLE PRIVEE FITAHIANA', 'Privé', 'Primaire', 'CU MAHAJANGA', 'MAHABIBO I', 'MANGA', 'AMBOHIMANDAMINA', 'FONCTIONNEL 24/25', 'etab_401010703', 'sisco2024', '2025-11-22 12:09:42'),
(74, '401011226', 'COLLEGE PRIVE ARC EN CIEL II', 'Privé', 'Collège', 'CU MAHAJANGA', 'MAHABIBO I', 'TANAMBAO SOTEMA', 'TANAMBAO SOTEMA', 'FONCTIONNEL 24/25', 'etab_401011226', 'sisco2024', '2025-11-22 12:09:42'),
(75, '401011084', 'COLLEGE PRIVE LOHARANO', 'Privé', 'Collège', 'CU MAHAJANGA', 'MAHABIBO I', 'TANAMBAO SOTEMA', 'TANAMBAO SOTEMA', 'FONCTIONNEL 24/25', 'etab_401011084', 'sisco2024', '2025-11-22 12:09:42'),
(76, '401011050', 'COLLEGE PRIVE MAHENINTSOA', 'Privé', 'Collège', 'CU MAHAJANGA', 'MAHABIBO I', 'TANAMBAO SOTEMA', 'AMPASIKA', 'FONCTIONNEL 24/25', 'etab_401011050', 'sisco2024', '2025-11-22 12:09:42'),
(77, '401011192', 'LYCEE PRIVE ARMANDINE', 'Privé', 'Lycée', 'CU MAHAJANGA', 'MAHAJANGA', 'TSARAMANDROSO AMBONY', 'TSARAMANDROSO AMBONY SECTEUR II', 'NON AFFILIÉ', 'etab_401011192', 'sisco2024', '2025-11-22 12:09:42'),
(79, '401011150', 'COLLEGE PRIVE CATHOLIQUE SAINT GEORGES', 'Privé', 'Collège', 'CU MAHAJANGA', 'MAHABIBO II', 'TSARARANO AMBONY', 'TSARARANO AMBONY', 'FONCTIONNEL 24/25', 'etab_401011150', 'sisco2024', '2025-11-22 12:09:42'),
(80, '401011046', 'COLLEGE PRIVE EXCELLENT PETIT NID', 'Privé', 'Collège', 'CU MAHAJANGA', 'MAHABIBO II', 'TSARARANO AMBONY', 'TSARARANO AMBONY', 'FONCTIONNEL 24/25', 'etab_401011046', 'sisco2024', '2025-11-22 12:09:42'),
(81, '401011020', 'COLLEGE PRIVE TSIRY', 'Privé', 'Collège', 'CU MAHAJANGA', 'MAHABIBO II', 'TSARARANO AMBONY', 'TSARARANO AMBONY', 'FONCTIONNEL 24/25', 'etab_401011020', 'sisco2024', '2025-11-22 12:09:42'),
(82, '401011186', 'ECOLE PRIVEE CELESTE', 'Privé', 'Primaire', 'CU MAHAJANGA', 'MAHABIBO II', 'TSARARANO AMBONY', 'TSARARANO AMBONY', 'FONCTIONNEL 24/25', 'etab_401011186', 'sisco2024', '2025-11-22 12:09:42'),
(83, '401011135', 'ECOLE PRIVEE CENTRE DE RECUPERATION SAINT MAURICE', 'Privé', 'Primaire', 'CU MAHAJANGA', 'MAHABIBO II', 'TSARARANO AMBONY', 'TSARARANO', 'FONCTIONNEL 24/25', 'etab_401011135', 'sisco2024', '2025-11-22 12:09:42'),
(84, '401011031', 'ECOLE PRIVEE FANOMEZANTSOA', 'Privé', 'Primaire', 'CU MAHAJANGA', 'MAHABIBO II', 'TSARARANO AMBONY', 'TSARARANO', 'FONCTIONNEL 24/25', 'etab_401011031', 'sisco2024', '2025-11-22 12:09:42'),
(85, '401011166', 'LYCEE PRIVE CATHOLIQUE VICTOIR RASOAMANARIVO', 'Privé', 'Lycée', 'CU MAHAJANGA', 'MAHABIBO II', 'TSARARANO AMBONY', 'TSARARANO AMBONY', 'FONCTIONNEL 24/25', 'etab_401011166', 'sisco2024', '2025-11-22 12:09:42'),
(86, '401011063', 'LYCEE PRIVE INSTITUTION PALMARES', 'Privé', 'Lycée', 'CU MAHAJANGA', 'MAHABIBO II', 'TSARARANO AMBONY', 'TSARARANO AMBONY', 'FONCTIONNEL 24/25', 'etab_401011063', 'sisco2024', '2025-11-22 12:09:42'),
(87, '401011171', 'COLLEGE PRIVE LA ROMANCE', 'Privé', 'Collège', 'CU MAHAJANGA', 'MAHABIBO II', 'TSARARANO ANOSIKELY', 'TSARARANO ANOSIKELY', 'FONCTIONNEL 24/25', 'etab_401011171', 'sisco2024', '2025-11-22 12:09:42'),
(88, '401011170', 'ECOLE PRIVEE CATHOLIQUE SAINTE MARIE', 'Privé', 'Primaire', 'CU MAHAJANGA', 'MAHABIBO II', 'TSARARANO ANOSIKELY', 'TSARARANO ANOSIKELY', 'FONCTIONNEL 24/25', 'etab_401011170', 'sisco2024', '2025-11-22 12:09:42'),
(89, '401011163', 'ECOLE PRIVEE FAHASOAVANA', 'Privé', 'Primaire', 'CU MAHAJANGA', 'MAHABIBO II', 'ANOSIKELY', NULL, 'FONCTIONNEL 24/25', 'etab_401011163', 'sisco2024', '2025-11-22 12:09:42'),
(90, '401011190', 'ECOLE PRIVEE MALAZARIVO', 'Privé', 'Primaire', 'CU MAHAJANGA', 'MAHABIBO II', 'TSARARANO ANOSIKELY', 'TSARARANO AMBONY', 'NON AFFILIÉ', 'etab_401011190', 'sisco2024', '2025-11-22 12:09:42'),
(91, '401011236', 'ECOLE PRIVEE SAINT FRANCOIS D\'ASSISE', 'Privé', 'Primaire', 'CU MAHAJANGA', 'MAHABIBO II', 'TSARARANO ANOSIKELY', 'TSARARANO ANOSIKELY', 'FONCTIONNEL 24/25', 'etab_401011236', 'sisco2024', '2025-11-22 12:09:42'),
(92, '401011091', 'LYCEE PRIVE HARI-ELATRA', 'Privé', 'Lycée', 'CU MAHAJANGA', 'MAHABIBO II', 'TSARARANO ANOSIKELY', 'SECTEUR A', 'FONCTIONNEL 24/25', 'etab_401011091', 'sisco2024', '2025-11-22 12:09:42'),
(93, '401020101', 'LYCEE PRIVE MASOANDRO', 'Privé', 'Lycée', 'CU MAHAJANGA', 'MAHAJANGA', 'AMBOHIMANDAMINA', 'MANGA', 'FONCTIONNEL 24/25', 'etab_401020101', 'sisco2024', '2025-11-22 12:09:42'),
(94, '401011204', 'COLLEGE PRIVE COCOON II AMBOVOALANANA', 'Privé', 'Collège', 'CU MAHAJANGA', 'MAHAJANGA', 'AMBOVOALANANA', 'AMBOVOALANANA', 'NON AFFILIÉ', 'etab_401011204', 'sisco2024', '2025-11-22 12:09:42'),
(95, '401010201', 'ECOLE PRIVEE AVENIR DE LA FAMILLE', 'Privé', 'Primaire', 'CU MAHAJANGA', 'MAHAJANGA', 'ANTA', 'ARANTA', 'NON AFFILIÉ', 'etab_401010201', 'sisco2024', '2025-11-22 12:09:42'),
(96, '401011104', 'ECOLE PRIVEE SAINT ALPHONSE MARIE FUSCO', 'Privé', 'Primaire', 'CU MAHAJANGA', 'MAHAJANGA', 'ANTA', 'AMBALAHONKO', 'FONCTIONNEL 24/25', 'etab_401011104', 'sisco2024', '2025-11-22 12:09:42'),
(97, '401011143', 'COLLEGE PRIVE ARC EN CIEL', 'Privé', 'Collège', 'CU MAHAJANGA', 'MAHAJANGA', 'MAHAJANGA VILLE', 'MAHAJANGA BE', 'FONCTIONNEL 24/25', 'etab_401011143', 'sisco2024', '2025-11-22 12:09:42'),
(98, '401011220', 'ECOLE ANGLO FRANCO SCHOOL', 'Privé', 'Primaire', 'CU MAHAJANGA', 'MAHAJANGA', 'MAHAJANGA VILLE', 'LA CORNICHE VILLA QUERCY', 'FONCTIONNEL 24/25', 'etab_401011220', 'sisco2024', '2025-11-22 12:09:42'),
(99, '401011003', 'ECOLE PRIVEE BOURHANI SCHOOL', 'Privé', 'Primaire', 'CU MAHAJANGA', 'MAHAJANGA', 'MAHAJANGA VILLE', 'AMPASIKA', 'NON AFFILIÉ', 'etab_401011003', 'sisco2024', '2025-11-22 12:09:42'),
(100, '401011228', 'ECOLE PRIVEE CHEICK ALI ALIMASSE', 'Privé', 'Primaire', 'CU MAHAJANGA', 'MAHAJANGA', 'MAHAJANGA VILLE', 'AMPASIKA', 'FONCTIONNEL 24/25', 'etab_401011228', 'sisco2024', '2025-11-22 12:09:42'),
(101, '401011156', 'ECOLE PRIVEE LA RUCHE', 'Privé', 'Primaire', 'CU MAHAJANGA', 'MAHAJANGA', 'MAHAJANGA VILLE', 'LA CORNICHE', 'FONCTIONNEL 24/25', 'etab_401011156', 'sisco2024', '2025-11-22 12:09:42'),
(102, '401011179', 'ECOLE PRIVEE LA SPIRALE', 'Privé', 'Primaire', 'CU MAHAJANGA', 'MAHAJANGA', 'MAHAJANGA VILLE', 'AMPASIKA', 'FONCTIONNEL 24/25', 'etab_401011179', 'sisco2024', '2025-11-22 12:09:42'),
(103, '401010401', 'ECOLE PRIVEE PLEIN SOLEIL', 'Privé', 'Primaire', 'CU MAHAJANGA', 'MAHAJANGA', 'MAHAJANGA VILLE', 'MAHAJANGA VILLE', 'FONCTIONNEL 24/25', 'etab_401010401', 'sisco2024', '2025-11-22 12:09:42'),
(104, '401011149', 'LYCEE PRIVE AL-NOOR', 'Privé', 'Lycée', 'CU MAHAJANGA', 'MAHAJANGA', 'MAHAJANGA VILLE', 'RUE DU QUARTIER GENERAL', 'FONCTIONNEL 24/25', 'etab_401011149', 'sisco2024', '2025-11-22 12:09:42'),
(105, '401011184', 'ECOLE PRIVEE LINDANGAYAH', 'Privé', 'Primaire', 'CU MAHAJANGA', 'MAHAJANGA', 'MAHAVOKY ATSIMO', 'TSARAMANDROSO CITE', 'FONCTIONNEL 24/25', 'etab_401011184', 'sisco2024', '2025-11-22 12:09:42'),
(106, '401011058', 'ECOLE PRIVEE SOUVENIR', 'Privé', 'Primaire', 'CU MAHAJANGA', 'MAHAJANGA', 'MAHAVOKY ATSIMO', 'MAHAVOKY ATSIMO', 'FONCTIONNEL 24/25', 'etab_401011058', 'sisco2024', '2025-11-22 12:09:42'),
(107, '401011061', 'INSTITUTION NOBEL', 'Privé', 'Collège', 'CU MAHAJANGA', 'MAHAJANGA', 'MAHAVOKY ATSIMO', 'MAHAVOKY ATSIMO', 'FONCTIONNEL 24/25', 'etab_401011061', 'sisco2024', '2025-11-22 12:09:42'),
(108, '401011111', 'COLLEGE PRIVE FANOLORANTSOA AGAPE', 'Privé', 'Collège', 'CU MAHAJANGA', 'MAHAJANGA', 'MAHAVOKY AVARATRA', 'SECTEUR II', 'FONCTIONNEL 24/25', 'etab_401011111', 'sisco2024', '2025-11-22 12:09:42'),
(109, '401011175', 'ECOLE PRIVEE LA BELLE SOURCE', 'Privé', 'Primaire', 'CU MAHAJANGA', 'MAHAJANGA', 'MAHAVOKY AVARATRA', 'MAHAVOKY AVARATRA', 'FONCTIONNEL 24/25', 'etab_401011175', 'sisco2024', '2025-11-22 12:09:42'),
(110, '401011095', 'ECOLE PRIVEE LES FLAMBOYANTS', 'Privé', 'Primaire', 'CU MAHAJANGA', 'MAHAJANGA', 'MAHAVOKY AVARATRA', 'JIRAMA AMBOABOAKA', 'FONCTIONNEL 24/25', 'etab_401011095', 'sisco2024', '2025-11-22 12:09:42'),
(111, '401011238', 'ECOLE PRIVEE NID DOUX', 'Privé', 'Primaire', 'CU MAHAJANGA', 'MAHAJANGA', 'MAHAVOKY AVARATRA', 'SECTEUR 7', 'NON AFFILIÉ', 'etab_401011238', 'sisco2024', '2025-11-22 12:09:42'),
(112, '401011142', 'CAP ISA', 'Privé', 'Technique', 'CU MAHAJANGA', 'MAHAJANGA', 'MANGA', 'MANGA', 'FONCTIONNEL 24/25', 'etab_401011142', 'sisco2024', '2025-11-22 12:09:42'),
(113, '401011030', 'ECOLE PRIVEE FALINA MEJA', 'Privé', 'Primaire', 'CU MAHAJANGA', 'MAHAJANGA', 'MANGA', 'MANGA', 'FONCTIONNEL 24/25', 'etab_401011030', 'sisco2024', '2025-11-22 12:09:42'),
(114, '401010701', 'ECOLE PRIVEE ILOT DE TENDRESSE', 'Privé', 'Primaire', 'CU MAHAJANGA', 'MAHAJANGA', 'MANGA', 'MANGA', 'NON AFFILIÉ', 'etab_401010701', 'sisco2024', '2025-11-22 12:09:42'),
(115, '401010702', 'ECOLE PRIVEE LES MEILLEURS', 'Privé', 'Primaire', 'CU MAHAJANGA', 'MAHAJANGA', 'MANGA', 'MANGA', 'NON AFFILIÉ', 'etab_401010702', 'sisco2024', '2025-11-22 12:09:42'),
(116, '401011078', 'LYCEE PRIVE ADVENTISTE MAHAJANGA (LYPAM)', 'Privé', 'Lycée', 'CU MAHAJANGA', 'MAHAJANGA', 'MANGA', 'MANGA', 'FONCTIONNEL 24/25', 'etab_401011078', 'sisco2024', '2025-11-22 12:09:42'),
(117, '401011024', 'COLLEGE PRIVE BAMBINO', 'Privé', 'Collège', 'CU MAHAJANGA', 'MAHAJANGA', 'MANGARIVOTRA', 'MANGARIVOTRA', 'FONCTIONNEL 24/25', 'etab_401011024', 'sisco2024', '2025-11-22 12:09:42'),
(118, '401011152', 'COLLEGE PRIVE COCOON', 'Privé', 'Collège', 'CU MAHAJANGA', 'MAHAJANGA', 'MANGARIVOTRA', 'MANGARIVOTRA', 'FONCTIONNEL 24/25', 'etab_401011152', 'sisco2024', '2025-11-22 12:09:42'),
(119, '401011015', 'COLLEGE PRIVE FJKM MANGARIVOTRA MAHAJANGA', 'Privé', 'Collège', 'CU MAHAJANGA', 'MAHAJANGA', 'MANGARIVOTRA', 'MANGARIVOTRA', 'FONCTIONNEL 24/25', 'etab_401011015', 'sisco2024', '2025-11-22 12:09:42'),
(120, '401011173', 'ECOLE PRIVEE AVENIR DE L\'OCEAN INDIEN', 'Privé', 'Primaire', 'CU MAHAJANGA', 'MAHAJANGA', 'MANGARIVOTRA', 'MANGARIVOTRA', 'FONCTIONNEL 24/25', 'etab_401011173', 'sisco2024', '2025-11-22 12:09:42'),
(121, '401011025', 'ECOLE PRIVEE CANAAN', 'Privé', 'Primaire', 'CU MAHAJANGA', 'MAHAJANGA', 'MANGARIVOTRA', 'AMBALANOMBY', 'FONCTIONNEL 24/25', 'etab_401011025', 'sisco2024', '2025-11-22 12:09:42'),
(122, '401011183', 'ECOLE PRIVEE COEUR D\'ENFANTS', 'Privé', 'Primaire', 'CU MAHAJANGA', 'MAHAJANGA', 'MANGARIVOTRA', 'MANGARIVOTRA', 'FONCTIONNEL 24/25', 'etab_401011183', 'sisco2024', '2025-11-22 12:09:42'),
(123, '401010802', 'ECOLE PRIVEE DAY-STAR', 'Privé', 'Primaire', 'CU MAHAJANGA', 'MAHAJANGA', 'MANGARIVOTRA', 'MANGARIVOTRA', 'NON AFFILIÉ', 'etab_401010802', 'sisco2024', '2025-11-22 12:09:42'),
(124, '401011113', 'ECOLE PRIVEE LA FONTAINE', 'Privé', 'Primaire', 'CU MAHAJANGA', 'MAHAJANGA', 'MANGARIVOTRA', 'ANTSAHAVAKY', 'FONCTIONNEL 24/25', 'etab_401011113', 'sisco2024', '2025-11-22 12:09:42'),
(125, '401011137', 'ECOLE PRIVEE LE PALAISA', 'Privé', 'Primaire', 'CU MAHAJANGA', 'MAHAJANGA', 'MANGARIVOTRA', 'ANTSAHAVAKY SECTION', 'FONCTIONNEL 24/25', 'etab_401011137', 'sisco2024', '2025-11-22 12:09:42'),
(126, '401011200', 'ECOLE PRIVEE LE TRIOMPHE', 'Privé', 'Primaire', 'CU MAHAJANGA', 'MAHAJANGA', 'MANGARIVOTRA', 'ANTSAHAVAKY', 'FONCTIONNEL 24/25', 'etab_401011200', 'sisco2024', '2025-11-22 12:09:42'),
(127, '401011109', 'ECOLE PRIVEE LES LUTINS', 'Privé', 'Primaire', 'CU MAHAJANGA', 'MAHAJANGA', 'MANGARIVOTRA', 'AMBALANOMBY', 'FONCTIONNEL 24/25', 'etab_401011109', 'sisco2024', '2025-11-22 12:09:42'),
(128, '401011014', 'LYCEE PRIVE CATHOLIQUE MONTFORT SAINT GABRIEL', 'Privé', 'Lycée', 'CU MAHAJANGA', 'MAHAJANGA', 'MANGARIVOTRA', 'MANGARIVOTRA', 'FONCTIONNEL 24/25', 'etab_401011014', 'sisco2024', '2025-11-22 12:09:42'),
(129, '401010801', 'LYCEE PRIVE ELITE', 'Privé', 'Lycée', 'CU MAHAJANGA', 'MAHAJANGA', 'MANGARIVOTRA', 'MANGARIVOTRA', 'FONCTIONNEL 24/25', 'etab_401010801', 'sisco2024', '2025-11-22 12:09:42'),
(130, '401011145', 'LYCEE PRIVE FJKM ZIONA VAOVAO', 'Privé', 'Lycée', 'CU MAHAJANGA', 'MAHAJANGA', 'AMPISIKINA', NULL, 'FONCTIONNEL 24/25', 'etab_401011145', 'sisco2024', '2025-11-22 12:09:42'),
(131, '401011065', 'LYCEE PRIVE NICOLETTA', 'Privé', 'Lycée', 'CU MAHAJANGA', 'MAHAJANGA', 'MANGARIVOTRA', 'MANGARIVOTRA', 'FONCTIONNEL 24/25', 'etab_401011065', 'sisco2024', '2025-11-22 12:09:42'),
(132, '401011066', 'LYCEE PRIVE NOTRE DAME', 'Privé', 'Lycée', 'CU MAHAJANGA', 'MAHAJANGA', 'MANGARIVOTRA', 'MANGARIVOTRA', 'FONCTIONNEL 24/25', 'etab_401011066', 'sisco2024', '2025-11-22 12:09:42'),
(133, '401011068', 'LYCEE PRIVE PAPOOSES', 'Privé', 'Lycée', 'CU MAHAJANGA', 'MAHAJANGA', 'MANGARIVOTRA', 'MANGARIVOTRA', 'FONCTIONNEL 24/25', 'etab_401011068', 'sisco2024', '2025-11-22 12:09:42'),
(134, '401011018', 'LYCEE PRIVE SAINTE JEANNE D\'ARC', 'Privé', 'Lycée', 'CU MAHAJANGA', 'MAHAJANGA', 'MANGARIVOTRA', 'LA CARRIERE MANGARIVOTRA', 'FONCTIONNEL 24/25', 'etab_401011018', 'sisco2024', '2025-11-22 12:09:42'),
(135, '401011191', 'COLLEGE PRIVE JEDIDIAH SCHOOL', 'Privé', 'Collège', 'CU MAHAJANGA', 'MAHAJANGA', 'MANJARISOA', 'MANJARISOA', 'FONCTIONNEL 24/25', 'etab_401011191', 'sisco2024', '2025-11-22 12:09:42'),
(136, '401011096', 'ECOLE ENFANTINE LA RIBAMBELLE', 'Privé', 'Primaire', 'CU MAHAJANGA', 'MAHAJANGA', 'MANJARISOA', 'MANJARISOA', 'FONCTIONNEL 24/25', 'etab_401011096', 'sisco2024', '2025-11-22 12:09:42'),
(137, '401011005', 'COLLEGE PRIVE ESPOIR', 'Privé', 'Collège', 'CU MAHAJANGA', 'MAHAJANGA', 'MAROVATO ABATTOIR', 'SECTEUR 6', 'FONCTIONNEL 24/25', 'etab_401011005', 'sisco2024', '2025-11-22 12:09:42'),
(138, '401011180', 'COLLEGE PRIVE LE GENIE', 'Privé', 'Collège', 'CU MAHAJANGA', 'MAHAJANGA', 'TSARAMANDROSO AMBANY', 'LOT 06 A TSARAMANDROSO AMBANY', 'FONCTIONNEL 24/25', 'etab_401011180', 'sisco2024', '2025-11-22 12:09:42'),
(139, '401011101', 'COLLEGE PRIVE LES CHERUBINS', 'Privé', 'Collège', 'CU MAHAJANGA', 'MAHAJANGA', 'TSARAMANDROSO AMBANY', 'SECTEUR 3', 'FONCTIONNEL 24/25', 'etab_401011101', 'sisco2024', '2025-11-22 12:09:42'),
(140, '401011197', 'ECOLE PRIVEE LA CIGOGNE', 'Privé', 'Primaire', 'CU MAHAJANGA', 'MAHAJANGA', 'TSARAMANDROSO AMBANY', 'TSARAMANDROSO AMBANY', 'FONCTIONNEL 24/25', 'etab_401011197', 'sisco2024', '2025-11-22 12:09:42'),
(141, '401011107', 'ECOLE PRIVEE LES PETITS MARCELLIN\'S', 'Privé', 'Primaire', 'CU MAHAJANGA', 'MAHAJANGA', 'TSARAMANDROSO AMBANY', 'TSARAMANDROSO AMBANY', 'FONCTIONNEL 24/25', 'etab_401011107', 'sisco2024', '2025-11-22 12:09:42'),
(142, '401011159', 'LYCEE PRIVE FANAMBINANA', 'Privé', 'Lycée', 'CU MAHAJANGA', 'MAHAJANGA', 'TSARAMANDROSO AMBANY', 'MAHAJANGA', 'NON AFFILIÉ', 'etab_401011159', 'sisco2024', '2025-11-22 12:09:42'),
(143, '401011125', 'LYCEE PRIVE LOVASOA', 'Privé', 'Lycée', 'CU MAHAJANGA', 'MAHAJANGA', 'TSARAMANDROSO AMBANY', 'TSARAMANDROSO AMBANY', 'FONCTIONNEL 24/25', 'etab_401011125', 'sisco2024', '2025-11-22 12:09:42'),
(144, '401011102', 'COEUR IMMACULEE DE MARIE', 'Privé', 'Collège', 'CU MAHAJANGA', 'MAHAJANGA', 'TSARAMANDROSO AMBONY', 'TSARAMANDROSO AMBONY', 'FONCTIONNEL 24/25', 'etab_401011102', 'sisco2024', '2025-11-22 12:09:42'),
(145, '401011301', 'COLLEGE PRIVE YAL SHY SY', 'Privé', 'Collège', 'CU MAHAJANGA', 'MAHAJANGA', 'TSARAMANDROSO AMBONY', 'TSARAMANDROSO AMBONY', 'FONCTIONNEL 24/25', 'etab_401011301', 'sisco2024', '2025-11-22 12:09:42'),
(146, '401011230', 'ECOLE PRIVEE FJKM EXELLANCE', 'Privé', 'Primaire', 'CU MAHAJANGA', 'MAHAJANGA', 'TSARAMANDROSO AMBONY', 'TSARAMANDROSO', 'FONCTIONNEL 24/25', 'etab_401011230', 'sisco2024', '2025-11-22 12:09:42'),
(147, '401011202', 'ECOLE PRIVEE LES OISILLONS', 'Privé', 'Primaire', 'CU MAHAJANGA', 'MAHAJANGA', 'TSARAMANDROSO AMBONY', 'TSARAMANDROSO AMBONY', 'FONCTIONNEL 24/25', 'etab_401011202', 'sisco2024', '2025-11-22 12:09:42'),
(148, '401011157', 'LYCEE PRIVE ALADIN', 'Privé', 'Lycée', 'CU MAHAJANGA', 'MAHAJANGA', 'TSARAMANDROSO AMBONY', 'SECTEUR 8-TSARAMANDROSO AMBONY', 'FONCTIONNEL 24/25', 'etab_401011157', 'sisco2024', '2025-11-22 12:09:42');

-- --------------------------------------------------------

--
-- Structure de la table `examens`
--

CREATE TABLE `examens` (
  `id` int(11) NOT NULL,
  `nom` varchar(50) NOT NULL,
  `description` text DEFAULT NULL,
  `annee_scolaire` varchar(20) DEFAULT '2024-2025'
) ENGINE=InnoDB DEFAULT CHARSET=utf8mb4 COLLATE=utf8mb4_general_ci;

--
-- Déchargement des données de la table `examens`
--

INSERT INTO `examens` (`id`, `nom`, `description`, `annee_scolaire`) VALUES
(1, 'CEPE', 'Certificat d\'Etudes Primaires Elémentaires', '2024-2025'),
(2, 'BEPC', 'Brevet d\'Etudes du Premier Cycle', '2024-2025'),
(3, 'BAC', 'Baccalauréat', '2024-2025');

-- --------------------------------------------------------

--
-- Structure de la table `inscriptions`
--

CREATE TABLE `inscriptions` (
  `id` int(11) NOT NULL,
  `etablissement_id` int(11) DEFAULT NULL,
  `examen_id` int(11) DEFAULT NULL,
  `eleve_nom` varchar(255) NOT NULL,
  `eleve_prenom` varchar(255) NOT NULL,
  `date_naissance` date NOT NULL,
  `lieu_naissance` varchar(255) DEFAULT NULL,
  `classe` varchar(50) DEFAULT NULL,
  `numero_inscription` varchar(100) DEFAULT NULL,
  `statut` enum('en_attente','accepte','refuse') DEFAULT 'en_attente',
  `salle_examen` varchar(50) DEFAULT NULL,
  `centre_examen` varchar(255) DEFAULT NULL,
  `date_inscription` timestamp NOT NULL DEFAULT current_timestamp()
) ENGINE=InnoDB DEFAULT CHARSET=utf8mb4 COLLATE=utf8mb4_general_ci;

--
-- Déchargement des données de la table `inscriptions`
--

INSERT INTO `inscriptions` (`id`, `etablissement_id`, `examen_id`, `eleve_nom`, `eleve_prenom`, `date_naissance`, `lieu_naissance`, `classe`, `numero_inscription`, `statut`, `salle_examen`, `centre_examen`, `date_inscription`) VALUES
(1, 2, 3, 'RAKOTOSON', 'Vonjiniaina Nnaciah', '2025-11-04', 'Androva Mahajanga', 'Terminale', 'INS1763813597773ss1iez7j3', 'accepte', '7', '9', '2025-11-22 12:13:17'),
(2, 13, 1, 'rrr', 'uuu', '2025-11-08', 'kkkk', 'vv', 'INS1763815111894u345wyhre', 'accepte', '4', '8', '2025-11-22 12:38:31'),
(3, 13, 1, 'OUSSENI', 'Ben Aylane Tanjona', '2025-11-19', 'Androva Mahajanga', 'CM2', 'INS1763818726314jx16hbe7v', 'accepte', 'Salle 200', 'CEG Marcos', '2025-11-22 13:38:46'),
(4, 13, 1, 'RAKOTOSON', 'Vonjiniaina Nanciah', '2025-11-19', 'Androva', '3ème', 'INS1763818726408dre9b4l4g', 'accepte', 'Salle1', 'Lycée mangarivotra', '2025-11-22 13:38:46'),
(5, 13, 1, 'TSIRIVANO', 'Yvan Kenny', '2025-11-23', 'CSB Mahavoky', 'Terminale', 'INS1763818726412biv6yxe3a', 'accepte', 'salle 101', 'Lyée mahabibo', '2025-11-22 13:38:46');

--
-- Index pour les tables déchargées
--

--
-- Index pour la table `administrateurs`
--
ALTER TABLE `administrateurs`
  ADD PRIMARY KEY (`id`),
  ADD UNIQUE KEY `username` (`username`);

--
-- Index pour la table `etablissements`
--
ALTER TABLE `etablissements`
  ADD PRIMARY KEY (`id`),
  ADD UNIQUE KEY `code` (`code`),
  ADD UNIQUE KEY `login` (`login`);

--
-- Index pour la table `examens`
--
ALTER TABLE `examens`
  ADD PRIMARY KEY (`id`);

--
-- Index pour la table `inscriptions`
--
ALTER TABLE `inscriptions`
  ADD PRIMARY KEY (`id`),
  ADD UNIQUE KEY `numero_inscription` (`numero_inscription`),
  ADD KEY `etablissement_id` (`etablissement_id`),
  ADD KEY `examen_id` (`examen_id`);

--
-- AUTO_INCREMENT pour les tables déchargées
--

--
-- AUTO_INCREMENT pour la table `administrateurs`
--
ALTER TABLE `administrateurs`
  MODIFY `id` int(11) NOT NULL AUTO_INCREMENT, AUTO_INCREMENT=2;

--
-- AUTO_INCREMENT pour la table `etablissements`
--
ALTER TABLE `etablissements`
  MODIFY `id` int(11) NOT NULL AUTO_INCREMENT, AUTO_INCREMENT=150;

--
-- AUTO_INCREMENT pour la table `examens`
--
ALTER TABLE `examens`
  MODIFY `id` int(11) NOT NULL AUTO_INCREMENT, AUTO_INCREMENT=4;

--
-- AUTO_INCREMENT pour la table `inscriptions`
--
ALTER TABLE `inscriptions`
  MODIFY `id` int(11) NOT NULL AUTO_INCREMENT, AUTO_INCREMENT=6;

--
-- Contraintes pour les tables déchargées
--

--
-- Contraintes pour la table `inscriptions`
--
ALTER TABLE `inscriptions`
  ADD CONSTRAINT `inscriptions_ibfk_1` FOREIGN KEY (`etablissement_id`) REFERENCES `etablissements` (`id`),
  ADD CONSTRAINT `inscriptions_ibfk_2` FOREIGN KEY (`examen_id`) REFERENCES `examens` (`id`);
COMMIT;

/*!40101 SET CHARACTER_SET_CLIENT=@OLD_CHARACTER_SET_CLIENT */;
/*!40101 SET CHARACTER_SET_RESULTS=@OLD_CHARACTER_SET_RESULTS */;
/*!40101 SET COLLATION_CONNECTION=@OLD_COLLATION_CONNECTION */;
